,,,,,,,,,,,,,,,,,,,,,,,,,,,,,,,,,,,,,,,,,,,,,,,,,,,,,,,,,,,,,,,,,,,,,,,,,,,,,,,,,,,,,,,,,,,,,,,,,,,,,,,,,,,,,,,,,,,,,,
,Ritasi ke - 1,,,,,,,,,,,,,,,Ritasi ke - 2,,,,,,,,,,,,,,,Ritasi ke - 3,,,,,,,,,,,,,,,Ritasi ke - 4,,,,,,,,,,,,,,,Ritasi ke - 5,,,,,,,,,,,,,,,Ritasi ke - 6,,,,,,,,,,,,,,,Ritasi ke - 7,,,,,,,,,,,,,,,Ritasi ke - 8,,,,,,,,,,,,
No. ,Halte ,J. Tiba,J. Berangkat,Kec. Rata-Rata (km/jam),Kec. Max (km/jam),Kec. Min (km/jam),Jarak,Durasi Avg,Integer Avg,Durasi Max,Integer Max,Durasi Min,Integer Min,,No. ,Halte ,J. Tiba,J. Berangkat,Kec. Rata-Rata (km/jam),Kec. Max (km/jam),Kec. Min (km/jam),Jarak,Durasi Avg,Integer Avg,Durasi Max,Integer Max,Durasi Min,Integer Min,,No. ,Halte ,J. Tiba,J. Berangkat,Kec. Rata-Rata (km/jam),Kec. Max (km/jam),Kec. Min (km/jam),Jarak,Durasi Avg,Integer Avg,Durasi Max,Integer Max,Durasi Min,Integer Min,,No. ,Halte ,J. Tiba,J. Berangkat,Kec. Rata-Rata (km/jam),Kec. Max (km/jam),Kec. Min (km/jam),Jarak,Durasi Avg,Integer Avg,Durasi Max,Integer Max,Durasi Min,Integer Min,,No. ,Halte ,J. Tiba,J. Berangkat,Kec. Rata-Rata (km/jam),Kec. Max (km/jam),Kec. Min (km/jam),Jarak,Durasi Avg,Integer Avg,Durasi Max,Integer Max,Durasi Min,Integer Min,,No. ,Halte ,J. Tiba,J. Berangkat,Kec. Rata-Rata (km/jam),Kec. Max (km/jam),Kec. Min (km/jam),Jarak,Durasi Avg,Integer Avg,Durasi Max,Integer Max,Durasi Min,Integer Min,,No. ,Halte ,J. Tiba,J. Berangkat,Kec. Rata-Rata (km/jam),Kec. Max (km/jam),Kec. Min (km/jam),Jarak,Durasi Avg,Integer Avg,Durasi Max,Integer Max,Durasi Min,Integer Min,,No. ,Halte ,J. Tiba,J. Berangkat,Kec. Rata-Rata (km/jam),Kec. Max (km/jam),Kec. Min (km/jam),Jarak,Durasi Avg,Integer Avg,Durasi Max,Integer Max,Durasi Min,Integer Min
,TERMINAL JAKABARING,6:16:32 AM,6:16:32 AM,,,,,,,,,,,,,TERMINAL JAKABARING,7:51:14 AM,7:51:14 AM,,,,,,,,,,,,,TERMINAL JAKABARING,9:23:31 AM,9:23:31 AM,,,,,,,,,,,,,TERMINAL JAKABARING,10:49:21 AM,10:49:21 AM,,,,,,,,,,,,,TERMINAL JAKABARING,12:26:55 PM,12:26:55 PM,,,,,,,,,,,,,TERMINAL JAKABARING,1:57:53 PM,1:57:53 PM,,,,,,,,,,,,,TERMINAL JAKABARING,3:27:03 PM,3:27:03 PM,,,,,,,,,,,,,TERMINAL JAKABARING,4:45:41 PM,4:45:41 PM,,,,,,,,,,
1,PLN A,6:22:05 AM,6:22:15 AM,34.74,43.20,3.40,2.80,6:21:22 AM,81.37,6:20:25 AM,80.42,7:05:57 AM,125.95,,1,PLN A,7:58:04 AM,7:58:14 AM,27.76,44.30,21.45,2.80,7:57:17 AM,177.29,7:55:02 AM,175.03,7:59:04 AM,179.07,,1,PLN A,9:29:28 AM,9:29:38 AM,29.96,42.50,24.62,2.27,9:28:04 AM,268.06,9:26:43 AM,266.72,9:29:03 AM,269.05,,1,PLN A,10:55:14 AM,10:55:24 AM,30.03,41.72,21.33,2.79,10:54:55 AM,354.92,10:53:22 AM,353.36,10:57:12 AM,357.20,,1,PLN A,12:31:28 PM,12:31:38 PM,32.2,44.3,9.3,2.8,12:32:08 PM,452.13,12:30:43 PM,450.71,12:44:59 PM,464.98,,1,PLN A,2:03:20 PM,2:03:30 PM,30.8,42.5,11.0,2.8,2:03:20 PM,543.34,2:01:50 PM,541.84,2:13:09 PM,553.16,,1,PLN A,3:32:29 PM,3:32:39 PM,31.2,39.8,11.0,2.8,3:32:26 PM,632.43,3:31:16 PM,631.27,3:42:19 PM,642.32,,1,PLN A,4:51:34 PM,4:51:44 PM,28.8,43.9,4.5,2.8,4:51:31 PM,711.52,4:49:31 PM,709.51,5:23:01 PM,743.02
2,BANK SUMSEL BABEL B,6:23:15 AM,6:23:25 AM,41.20,42.80,40.69,0.85,6:23:19 AM,83.32,6:23:16 AM,83.27,6:23:20 AM,83.34,,2,BANK SUMSEL BABEL B,7:59:18 AM,7:59:28 AM,37.04,43.20,33.60,0.90,7:59:31 AM,179.52,7:59:19 AM,179.32,7:59:40 AM,179.67,,2,BANK SUMSEL BABEL B,9:30:33 AM,9:30:43 AM,34.03,50.80,21.45,0.93,9:31:06 AM,271.11,9:30:34 AM,270.57,9:32:04 AM,272.07,,2,BANK SUMSEL BABEL B,10:57:22 AM,10:57:32 AM,38.69,44.56,25.70,0.92,10:56:40 AM,356.66,10:56:28 AM,356.47,10:57:23 AM,357.38,,2,BANK SUMSEL BABEL B,12:33:07 PM,12:33:17 PM,37.5,44.3,4.2,0.81,12:32:46 PM,452.76,12:32:34 PM,452.56,12:43:02 PM,463.04,,2,BANK SUMSEL BABEL B,2:04:57 PM,2:05:07 PM,37.5,43.9,4.0,0.81,2:04:38 PM,544.63,2:04:26 PM,544.44,2:15:29 PM,555.48,,2,BANK SUMSEL BABEL B,3:34:06 PM,3:34:16 PM,37.1,41.2,8.4,0.81,3:33:48 PM,633.79,3:33:40 PM,633.66,3:38:16 PM,638.27,,2,BANK SUMSEL BABEL B,4:53:14 PM,4:53:24 PM,39.4,44.6,9.7,0.81,4:52:48 PM,712.80,4:52:39 PM,712.66,4:56:35 PM,716.58
3,GOR JAKABARING,6:25:15 AM,6:25:25 AM,47.00,43.21,29.50,0.33,6:23:40 AM,83.67,6:23:42 AM,83.71,6:23:55 AM,83.92,,3,GOR JAKABARING,8:00:39 AM,8:00:49 AM,33.10,41.40,28.60,0.36,7:59:57 AM,179.95,7:59:49 AM,179.82,8:00:03 AM,180.06,,3,GOR JAKABARING,9:31:27 AM,9:31:37 AM,17.40,41.00,15.61,0.36,9:31:47 AM,271.79,9:31:05 AM,271.08,9:31:56 AM,271.93,,3,GOR JAKABARING,10:58:27 AM,10:58:37 AM,32.90,38.90,28.40,0.33,10:57:58 AM,357.97,10:57:53 AM,357.88,10:58:04 AM,358.06,,3,GOR JAKABARING,12:34:08 PM,12:34:18 PM,27.1,37.4,6.8,0.32,12:33:50 PM,453.83,12:33:38 PM,453.63,12:35:56 PM,455.94,,3,GOR JAKABARING,2:05:48 PM,2:05:58 PM,29.8,40.0,7.3,0.32,2:05:36 PM,545.59,2:05:26 PM,545.43,2:07:35 PM,547.58,,3,GOR JAKABARING,3:35:05 PM,3:35:15 PM,26.3,30.8,7.8,0.32,3:34:50 PM,634.83,3:34:43 PM,634.72,3:36:34 PM,636.56,,3,GOR JAKABARING,4:54:03 PM,4:54:13 PM,28.4,36.7,11.2,0.32,4:53:55 PM,713.91,4:53:45 PM,713.76,4:54:57 PM,714.95
4,STASIUN JAKABARING,6:26:33 AM,6:26:43 AM,35.82,43.23,24.70,0.31,6:25:46 AM,85.77,6:25:41 AM,85.68,6:26:00 AM,86.00,,4,STASIUN JAKABARING,8:01:42 AM,8:01:52 AM,30.62,43.60,20.30,0.34,8:01:19 AM,181.32,8:01:07 AM,181.12,8:01:39 AM,181.65,,4,STASIUN JAKABARING,9:32:36 AM,9:32:46 AM,32.47,42.80,22.87,0.32,9:32:02 AM,272.04,9:31:54 AM,271.90,9:32:17 AM,272.29,,4,STASIUN JAKABARING,10:59:30 AM,10:59:40 AM,28.40,35.32,20.20,0.33,10:59:09 AM,359.15,10:59:01 AM,359.01,10:59:26 AM,359.43,,4,STASIUN JAKABARING,12:34:56 PM,12:35:06 PM,29.3,39.6,4.2,0.26,12:34:40 PM,454.67,12:34:32 PM,454.53,12:37:51 PM,457.85,,4,STASIUN JAKABARING,2:06:44 PM,2:06:54 PM,26.2,33.1,6.7,0.26,2:06:24 PM,546.40,2:06:16 PM,546.27,2:08:08 PM,548.13,,4,STASIUN JAKABARING,3:35:52 PM,3:36:02 PM,28.7,31.4,8.5,0.26,3:35:38 PM,635.63,3:35:35 PM,635.58,3:36:55 PM,636.92,,4,STASIUN JAKABARING,4:55:06 PM,4:55:16 PM,21.9,39.2,2.5,0.26,4:54:46 PM,714.76,4:54:27 PM,714.45,5:00:17 PM,720.29
5,DJKA,6:28:38 AM,6:28:48 AM,39.10,43.60,36.00,1.05,6:28:10 AM,88.16,6:28:00 AM,87.99,6:28:18 AM,88.30,,5,DJKA,8:03:32 AM,8:03:42 AM,40.90,44.30,38.60,1.03,8:03:13 AM,183.21,8:03:06 AM,183.10,8:03:18 AM,183.30,,5,DJKA,9:34:36 AM,9:34:46 AM,39.73,44.30,35.67,1.05,9:34:11 AM,274.19,9:34:01 AM,274.02,9:34:22 AM,274.37,,5,DJKA,11:00:49 AM,11:00:59 AM,39.04,43.12,29.41,1.05,11:01:07 AM,361.11,11:00:58 AM,360.96,11:01:39 AM,361.64,,5,DJKA,12:36:41 PM,12:36:51 PM,37.9,45.4,5.7,1.02,12:36:33 PM,456.55,12:36:17 PM,456.28,12:45:40 PM,465.67,,5,DJKA,2:08:37 PM,2:08:47 PM,36.4,43.9,4.1,1.02,2:08:25 PM,548.41,2:08:08 PM,548.13,2:21:40 PM,561.66,,5,DJKA,3:37:39 PM,3:37:49 PM,38.7,44.1,11.9,1.02,3:37:27 PM,637.45,3:37:15 PM,637.25,3:41:01 PM,641.01,,5,DJKA,4:56:50 PM,4:57:00 PM,39.2,45.0,5.6,1.02,4:56:40 PM,716.66,4:56:28 PM,716.46,5:06:02 PM,726.03
6,DEPO DJKA,6:30:40 AM,6:30:50 AM,34.79,43.20,28.11,0.36,6:29:15 AM,89.25,6:29:08 AM,89.13,6:29:24 AM,89.40,,6,DEPO DJKA,8:05:43 AM,8:05:53 AM,34.63,43.20,25.30,0.98,8:05:14 AM,185.23,8:04:54 AM,184.89,8:05:51 AM,185.86,,6,DEPO DJKA,9:36:17 AM,9:36:27 AM,25.48,40.70,10.00,0.97,9:36:53 AM,276.88,9:36:02 AM,276.03,9:40:25 AM,280.42,,6,DEPO DJKA,11:02:08 AM,11:02:18 AM,23.39,35.23,15.22,0.96,11:03:17 AM,363.28,11:02:27 AM,362.45,11:04:36 AM,364.60,,6,DEPO DJKA,12:39:32 PM,12:39:42 PM,27.3,37.8,3.6,0.92,12:38:42 PM,458.71,12:38:09 PM,458.14,12:52:01 PM,472.02,,6,DEPO DJKA,2:11:35 PM,2:11:45 PM,23.5,36.0,6.1,0.92,2:10:58 PM,550.97,2:10:09 PM,550.15,2:17:40 PM,557.67,,6,DEPO DJKA,3:40:22 PM,3:40:32 PM,22.5,33.2,3.8,0.92,3:40:06 PM,640.10,3:39:19 PM,639.31,3:52:11 PM,652.18,,6,DEPO DJKA,5:00:23 PM,5:00:33 PM,19.1,40.0,4.5,0.92,4:59:43 PM,719.72,4:58:13 PM,718.21,5:09:06 PM,729.10
7,SIMPANG TEGAL BINANGUN,6:31:41 AM,6:31:51 AM,24.40,41.40,8.89,0.33,6:31:29 AM,91.48,6:31:09 AM,91.14,6:32:54 AM,92.89,,7,SIMPANG TEGAL BINANGUN,8:06:54 AM,8:07:04 AM,22.44,37.40,5.65,0.33,8:06:36 AM,186.60,8:06:15 AM,186.25,8:09:13 AM,189.22,,7,SIMPANG TEGAL BINANGUN,9:38:05 AM,9:38:15 AM,19.52,40.00,5.43,0.35,9:37:22 AM,277.36,9:36:49 AM,276.81,9:40:09 AM,280.15,,7,SIMPANG TEGAL BINANGUN,11:04:09 AM,11:04:19 AM,21.35,37.30,13.12,0.35,11:03:07 AM,363.12,11:02:42 AM,362.70,11:03:44 AM,363.73,,7,SIMPANG TEGAL BINANGUN,12:40:37 PM,12:40:47 PM,22.9,37.1,4.3,0.36,12:40:29 PM,460.48,12:40:07 PM,460.12,12:44:33 PM,464.56,,7,SIMPANG TEGAL BINANGUN,2:13:17 PM,2:13:27 PM,17.9,38.5,3.5,0.36,2:12:47 PM,552.79,2:12:09 PM,552.14,2:17:45 PM,557.75,,7,SIMPANG TEGAL BINANGUN,3:42:19 PM,3:42:29 PM,13.2,38.1,2.7,0.36,3:42:00 PM,642.00,3:40:56 PM,640.93,3:48:22 PM,648.37,,7,SIMPANG TEGAL BINANGUN,5:02:24 PM,5:02:34 PM,14.1,37.8,4.7,0.36,5:01:55 PM,721.92,5:00:57 PM,720.95,5:04:59 PM,724.98
8,LORONG KARANG ANYAR,6:34:26 AM,6:34:36 AM,30.86,49.30,5.00,1.76,6:35:06 AM,95.11,6:33:50 AM,93.83,6:52:48 AM,112.80,,8,LORONG KARANG ANYAR,8:10:38 AM,8:10:48 AM,29.03,40.70,19.80,1.74,8:10:30 AM,190.50,8:09:28 AM,189.47,8:12:10 AM,192.17,,8,LORONG KARANG ANYAR,9:42:45 AM,9:42:55 AM,28.27,40.70,22.60,1.76,9:41:49 AM,281.82,9:40:41 AM,280.68,9:42:45 AM,282.76,,8,LORONG KARANG ANYAR,11:08:12 AM,11:08:22 AM,28.98,43.21,18.93,1.74,11:07:45 AM,367.75,11:06:34 AM,366.57,11:09:40 AM,369.67,,8,LORONG KARANG ANYAR,12:44:23 PM,12:44:33 PM,28.6,36.7,2.1,1.74,12:44:16 PM,464.27,12:43:28 PM,463.46,1:30:20 PM,510.33,,8,LORONG KARANG ANYAR,2:17:59 PM,2:18:09 PM,23.5,40.3,4.0,1.74,2:17:44 PM,557.73,2:15:52 PM,555.87,2:39:23 PM,579.38,,8,LORONG KARANG ANYAR,3:46:14 PM,3:46:24 PM,28.1,36.1,4.7,1.74,3:46:02 PM,646.03,3:45:13 PM,645.21,4:04:32 PM,664.53,,8,LORONG KARANG ANYAR,5:06:10 PM,5:06:20 PM,29.6,38.9,8.3,1.74,5:05:56 PM,725.93,5:05:05 PM,725.08,5:14:59 PM,734.98
9,PUSKESMAS TEGAL BINANGUN,6:37:30 AM,6:37:40 AM,28.60,42.80,5.00,1.19,6:36:56 AM,96.93,6:36:06 AM,96.10,6:48:43 AM,108.71,,9,PUSKESMAS TEGAL BINANGUN,8:13:48 AM,8:13:58 AM,25.47,39.20,15.60,1.18,8:13:25 AM,193.41,8:12:26 AM,192.44,8:15:10 AM,195.17,,9,PUSKESMAS TEGAL BINANGUN,9:45:24 AM,9:45:34 AM,20.84,43.20,11.63,1.18,9:46:09 AM,286.15,9:44:23 AM,284.39,9:48:50 AM,288.84,,9,PUSKESMAS TEGAL BINANGUN,11:11:37 AM,11:11:47 AM,22.56,34.80,15.20,1.19,11:11:22 AM,371.36,11:10:15 AM,370.25,11:12:54 AM,372.90,,9,PUSKESMAS TEGAL BINANGUN,12:48:41 PM,12:48:51 PM,17.5,22.3,6.0,1.15,12:48:20 PM,468.33,12:47:29 PM,467.48,12:55:53 PM,475.88,,9,PUSKESMAS TEGAL BINANGUN,2:21:15 PM,2:21:25 PM,22.9,37.4,1.4,1.15,2:21:00 PM,561.00,2:19:50 PM,559.83,3:07:16 PM,607.27,,9,PUSKESMAS TEGAL BINANGUN,3:49:16 PM,3:49:26 PM,24.8,38.2,5.4,1.15,3:49:01 PM,649.02,3:48:02 PM,648.04,3:59:01 PM,659.01,,9,PUSKESMAS TEGAL BINANGUN,5:09:51 PM,5:10:01 PM,21.9,35.3,3.8,1.15,5:09:19 PM,729.32,5:08:07 PM,728.12,5:24:19 PM,744.32
10,SIMPANG PASAR TEGAL BINANGUN,6:40:17 AM,6:40:27 AM,24.33,37.80,20.10,0.91,6:39:45 AM,99.74,6:38:57 AM,98.94,6:40:13 AM,100.22,,10,SIMPANG PASAR TEGAL BINANGUN,8:16:56 AM,8:17:06 AM,18.61,33.50,4.75,0.91,8:16:44 AM,196.73,8:15:26 AM,195.43,8:25:18 AM,205.29,,10,SIMPANG PASAR TEGAL BINANGUN,9:48:06 AM,9:48:16 AM,22.62,33.80,20.63,0.88,9:47:44 AM,287.73,9:46:58 AM,286.96,9:47:58 AM,287.96,,10,SIMPANG PASAR TEGAL BINANGUN,11:14:23 AM,11:14:33 AM,23.49,31.70,14.87,0.91,11:13:56 AM,373.94,11:13:20 AM,373.34,11:15:17 AM,375.29,,10,SIMPANG PASAR TEGAL BINANGUN,12:51:41 PM,12:51:51 PM,19.7,30.2,5.7,0.93,12:51:31 PM,471.52,12:50:32 PM,470.53,12:58:28 PM,478.47,,10,SIMPANG PASAR TEGAL BINANGUN,2:23:53 PM,2:24:03 PM,23.0,33.5,5.1,0.93,2:23:41 PM,563.68,2:22:55 PM,562.92,2:32:11 PM,572.19,,10,SIMPANG PASAR TEGAL BINANGUN,3:52:12 PM,3:52:22 PM,21.0,35.3,5.1,0.93,3:51:55 PM,651.92,3:50:51 PM,650.85,4:00:12 PM,660.21,,10,SIMPANG PASAR TEGAL BINANGUN,5:12:17 PM,5:12:27 PM,23.6,38.2,2.9,0.93,5:12:13 PM,732.21,5:11:19 PM,731.31,5:29:05 PM,749.09
11,TERMINAL PLAJU,6:44:56 AM,6:45:06 AM,20.72,40.30,10.40,1.35,6:44:12 AM,104.19,6:42:18 AM,102.29,6:48:04 AM,108.07,,11,TERMINAL PLAJU,8:22:49 AM,8:22:59 AM,16.70,37.60,12.63,1.33,8:21:43 AM,201.71,8:19:03 AM,199.06,8:23:15 AM,203.25,,11,TERMINAL PLAJU,9:54:26 AM,9:54:36 AM,12.72,40.00,6.61,1.35,9:54:28 AM,294.47,9:50:08 AM,290.13,10:00:21 AM,300.35,,11,TERMINAL PLAJU,11:20:04 AM,11:20:14 AM,14.74,22.40,9.65,1.36,11:19:55 AM,379.92,11:18:02 AM,378.03,11:22:50 AM,382.84,,11,TERMINAL PLAJU,12:57:03 PM,12:57:13 PM,15.9,40.7,4.3,1.33,12:56:42 PM,476.70,12:53:39 PM,473.64,1:10:14 PM,490.24,,11,TERMINAL PLAJU,2:29:04 PM,2:29:14 PM,16.5,36.0,2.4,1.33,2:28:43 PM,568.72,2:26:06 PM,566.10,2:57:08 PM,597.13,,11,TERMINAL PLAJU,3:57:28 PM,3:57:38 PM,15.9,34.8,4.0,1.33,3:57:13 PM,657.22,3:54:30 PM,654.49,4:12:09 PM,672.15,,11,TERMINAL PLAJU,5:17:37 PM,5:17:47 PM,17.7,29.9,7.8,1.33,5:16:48 PM,736.79,5:14:57 PM,734.95,5:22:31 PM,742.51
12,SIMPANG PASAR TEGAL BINANGUN,6:48:27 AM,6:48:37 AM,24.33,41.00,7.13,1.20,6:47:54 AM,107.89,6:46:41 AM,106.69,6:55:02 AM,115.03,,12,SIMPANG PASAR TEGAL BINANGUN,8:28:55 AM,8:29:05 AM,14.28,38.20,10.60,1.30,8:28:17 AM,208.28,8:24:52 AM,204.86,8:30:11 AM,210.18,,12,SIMPANG PASAR TEGAL BINANGUN,10:00:58 AM,10:01:08 AM,14.76,35.30,13.50,1.22,9:59:24 AM,299.39,9:56:30 AM,296.51,9:59:51 AM,299.86,,12,SIMPANG PASAR TEGAL BINANGUN,11:24:35 AM,11:24:45 AM,17.88,24.76,12.50,1.30,11:24:26 AM,384.43,11:23:13 AM,383.22,11:26:18 AM,386.31,,12,SIMPANG PASAR TEGAL BINANGUN,1:02:57 PM,1:03:07 PM,13.6,35.6,3.0,1.27,1:02:39 PM,482.65,12:59:11 PM,479.19,1:22:27 PM,502.45,,12,SIMPANG PASAR TEGAL BINANGUN,2:34:42 PM,2:34:52 PM,16.8,33.1,4.9,1.27,2:33:36 PM,573.60,2:31:22 PM,571.37,2:44:37 PM,584.62,,12,SIMPANG PASAR TEGAL BINANGUN,4:02:16 PM,4:02:26 PM,16.9,31.4,4.0,1.27,4:01:59 PM,661.98,3:59:54 PM,659.89,4:16:31 PM,676.52,,12,SIMPANG PASAR TEGAL BINANGUN,5:22:15 PM,5:22:25 PM,17.3,35.3,5.7,1.27,5:22:01 PM,742.02,5:19:47 PM,739.78,5:30:59 PM,750.99
13,PUSKERSMAS TEGAL BINANGUN,6:51:19 AM,6:51:29 AM,26.52,34.90,9.10,0.91,6:50:31 AM,110.51,6:50:01 AM,110.01,6:54:27 AM,114.45,,13,PUSKERSMAS TEGAL BINANGUN,8:31:51 AM,8:32:01 AM,19.13,34.90,13.50,0.91,8:31:46 AM,211.77,8:30:29 AM,210.48,8:32:58 AM,212.96,,13,PUSKERSMAS TEGAL BINANGUN,10:03:59 AM,10:04:09 AM,18.17,39.20,14.60,0.89,10:03:54 AM,303.91,10:02:20 AM,302.33,10:04:37 AM,304.62,,13,PUSKERSMAS TEGAL BINANGUN,11:28:42 AM,11:28:52 AM,16.20,25.20,10.36,0.87,11:27:48 AM,387.81,11:26:39 AM,386.65,11:29:37 AM,389.62,,13,PUSKERSMAS TEGAL BINANGUN,1:05:42 PM,1:05:52 PM,21.7,33.5,3.4,0.87,1:05:21 PM,485.36,1:04:30 PM,484.51,1:18:18 PM,498.30,,13,PUSKERSMAS TEGAL BINANGUN,2:38:13 PM,2:38:23 PM,18.8,31.3,6.7,0.87,2:37:29 PM,577.48,2:36:22 PM,576.37,2:42:29 PM,582.49,,13,PUSKERSMAS TEGAL BINANGUN,4:04:28 PM,4:04:38 PM,25.5,39.1,1.5,0.87,4:04:19 PM,664.31,4:03:36 PM,663.60,4:37:04 PM,697.07,,13,PUSKERSMAS TEGAL BINANGUN,5:26:03 PM,5:26:13 PM,18.3,33.8,6.3,0.87,5:25:06 PM,745.10,5:23:48 PM,743.79,5:30:32 PM,750.54
14,LORONG KARANG ANYAR,6:55:01 AM,6:55:11 AM,26.39,38.90,20.30,1.31,6:54:18 AM,114.30,6:53:20 AM,113.34,6:55:11 AM,115.19,,14,LORONG KARANG ANYAR,8:35:07 AM,8:35:17 AM,24.28,38.20,19.65,1.21,8:34:50 AM,214.84,8:33:45 AM,213.75,8:35:33 AM,215.54,,14,LORONG KARANG ANYAR,10:06:15 AM,10:06:25 AM,23.47,43.20,10.63,1.27,10:07:14 AM,307.23,10:05:45 AM,305.75,10:11:09 AM,311.15,,14,LORONG KARANG ANYAR,11:31:35 AM,11:31:45 AM,24.90,28.90,14.24,1.30,11:31:50 AM,391.83,11:31:24 AM,391.40,11:34:11 AM,394.18,,14,LORONG KARANG ANYAR,1:09:24 PM,1:09:34 PM,22.2,35.6,7.6,1.22,1:09:00 PM,489.00,1:07:45 PM,487.76,1:15:20 PM,495.33,,14,LORONG KARANG ANYAR,2:42:26 PM,2:42:36 PM,19.7,34.9,2.3,1.22,2:41:56 PM,581.93,2:40:19 PM,580.31,3:10:03 PM,610.04,,14,LORONG KARANG ANYAR,4:07:57 PM,4:08:07 PM,23.4,37.8,7.9,1.22,4:07:36 PM,667.59,4:06:24 PM,666.40,4:13:44 PM,673.73,,14,LORONG KARANG ANYAR,5:29:25 PM,5:29:35 PM,23.0,37.8,4.9,1.22,5:29:14 PM,749.23,5:27:59 PM,747.99,5:40:59 PM,760.99
15,SIMPANG TEGAL BINANGUN,6:59:46 AM,6:59:56 AM,27.72,42.80,14.50,1.73,6:58:46 AM,118.76,6:57:27 AM,117.44,7:02:11 AM,122.18,,15,SIMPANG TEGAL BINANGUN,8:38:38 AM,8:38:48 AM,28.91,42.10,23.60,1.74,8:38:44 AM,218.73,8:37:36 AM,217.60,8:39:32 AM,219.54,,15,SIMPANG TEGAL BINANGUN,10:10:47 AM,10:10:57 AM,26.04,42.80,19.91,1.65,10:10:03 AM,310.05,10:08:34 AM,308.56,10:11:13 AM,311.22,,15,SIMPANG TEGAL BINANGUN,11:35:21 AM,11:35:31 AM,29.40,38.50,18.90,1.75,11:35:09 AM,395.15,11:34:19 AM,394.31,11:37:08 AM,397.14,,15,SIMPANG TEGAL BINANGUN,1:13:14 PM,1:13:24 PM,28.7,38.2,4.3,1.71,1:12:58 PM,492.97,1:12:05 PM,492.09,1:33:16 PM,513.26,,15,SIMPANG TEGAL BINANGUN,2:46:46 PM,2:46:56 PM,25.1,37.1,5.3,1.71,2:46:31 PM,586.52,2:45:12 PM,585.20,3:01:48 PM,601.79,,15,SIMPANG TEGAL BINANGUN,4:12:32 PM,4:12:42 PM,23.5,40.1,4.8,1.71,4:12:19 PM,672.32,4:10:31 PM,670.51,4:29:20 PM,689.33,,15,SIMPANG TEGAL BINANGUN,5:33:25 PM,5:33:35 PM,29.4,40.7,6.7,1.71,5:32:54 PM,752.91,5:31:56 PM,751.94,5:44:44 PM,764.73
16,DEPO DJKA,7:01:19 AM,7:01:29 AM,16.18,26.60,5.67,0.35,7:01:04 AM,121.06,7:00:33 AM,120.56,7:03:28 AM,123.47,,16,DEPO DJKA,8:40:20 AM,8:40:30 AM,16.18,28.10,14.50,0.36,8:39:58 AM,219.97,8:39:24 AM,219.40,8:40:07 AM,220.12,,16,DEPO DJKA,10:12:18 AM,10:12:28 AM,16.76,34.20,10.63,0.36,10:12:04 AM,312.07,10:11:25 AM,311.41,10:12:49 AM,312.82,,16,DEPO DJKA,11:36:32 AM,11:36:42 AM,24.84,32.52,16.12,0.35,11:36:12 AM,396.20,11:36:00 AM,396.00,11:36:39 AM,396.65,,16,DEPO DJKA,1:15:12 PM,1:15:22 PM,11.6,25.6,7.0,0.36,1:15:06 PM,495.10,1:14:05 PM,494.08,1:16:19 PM,496.32,,16,DEPO DJKA,2:48:55 PM,2:49:05 PM,22.2,39.2,6.5,0.36,2:47:44 PM,587.74,2:47:19 PM,587.32,2:50:05 PM,590.09,,16,DEPO DJKA,4:14:14 PM,4:14:24 PM,14.7,35.6,3.4,0.36,4:14:00 PM,674.00,4:13:08 PM,673.14,4:18:53 PM,678.89,,16,DEPO DJKA,5:34:35 PM,5:34:45 PM,22.4,35.6,2.5,0.36,5:34:23 PM,754.38,5:34:01 PM,754.02,5:42:03 PM,762.06
17,OPI MALL,7:02:16 AM,7:02:26 AM,24.67,42.10,20.61,0.52,7:02:35 AM,122.58,7:02:03 AM,122.06,7:02:50 AM,122.83,,17,OPI MALL,8:41:04 AM,8:41:14 AM,28.04,36.70,18.67,0.49,8:41:23 AM,221.38,8:41:08 AM,221.13,8:41:54 AM,221.91,,17,OPI MALL,10:13:24 AM,10:13:34 AM,29.62,36.44,18.56,0.53,10:13:22 AM,313.37,10:13:10 AM,313.17,10:14:01 AM,314.01,,17,OPI MALL,11:37:41 AM,11:37:51 AM,30.63,36.10,24.67,0.53,11:37:34 AM,397.57,11:37:25 AM,397.41,11:37:49 AM,397.82,,17,OPI MALL,1:16:49 PM,1:16:59 PM,22.5,34.9,4.1,0.53,1:16:37 PM,496.61,1:16:07 PM,496.11,1:22:57 PM,502.96,,17,OPI MALL,2:40:25 PM,2:40:35 PM,24.3,35.6,7.4,0.53,2:50:14 PM,590.23,2:49:49 PM,589.81,2:53:13 PM,593.21,,17,OPI MALL,4:16:12 PM,4:16:22 PM,17.5,37.1,3.2,0.53,4:16:03 PM,676.05,4:15:05 PM,675.09,4:24:10 PM,684.17,,17,OPI MALL,5:36:13 PM,5:36:23 PM,20.9,38.9,6.9,0.53,5:36:06 PM,756.10,5:35:24 PM,755.40,5:39:12 PM,759.19
18,DJKA,7:03:43 AM,7:03:53 AM,35.20,43.60,30.00,0.41,7:02:58 AM,122.97,7:02:50 AM,122.83,7:03:05 AM,123.09,,18,DJKA,8:42:46 AM,8:42:56 AM,33.53,42.80,30.10,0.43,8:41:50 AM,221.84,8:41:40 AM,221.67,8:41:55 AM,221.92,,18,DJKA,10:14:31 AM,10:14:41 AM,27.88,42.12,20.92,0.42,10:14:18 AM,314.30,10:14:00 AM,314.00,10:14:36 AM,314.60,,18,DJKA,11:38:34 AM,11:38:44 AM,28.30,34.70,22.14,0.41,11:38:33 AM,398.55,11:38:24 AM,398.39,11:38:48 AM,398.79,,18,DJKA,1:17:48 PM,1:17:58 PM,31.1,37.4,3.3,0.43,1:17:39 PM,497.65,1:17:30 PM,497.51,1:24:38 PM,504.63,,18,DJKA,2:51:19 PM,2:51:29 PM,32.6,38.9,6.7,0.43,2:41:12 PM,581.21,2:41:05 PM,581.08,2:44:16 PM,584.27,,18,DJKA,4:17:11 PM,4:17:21 PM,29.4,40.7,9.2,0.43,4:17:05 PM,677.08,4:16:50 PM,676.83,4:19:00 PM,679.00,,18,DJKA,5:37:24 PM,5:37:34 PM,25.6,40.3,3.3,0.43,5:37:13 PM,757.22,5:36:51 PM,756.86,5:44:02 PM,764.03
19,STASIUN JAKABARING,7:05:39 AM,7:05:49 AM,38.01,42.80,30.20,1.03,7:05:21 AM,125.34,7:05:10 AM,125.16,7:05:46 AM,125.76,,19,STASIUN JAKABARING,8:44:38 AM,8:44:48 AM,38.26,43.60,25.43,1.03,8:44:23 AM,224.38,8:44:11 AM,224.18,8:45:12 AM,225.20,,19,STASIUN JAKABARING,10:16:12 AM,10:16:22 AM,36.19,43.78,24.98,1.03,10:16:13 AM,316.22,10:15:56 AM,315.93,10:16:59 AM,316.99,,19,STASIUN JAKABARING,11:40:13 AM,11:40:23 AM,36.56,43.90,31.89,1.04,11:40:16 AM,400.27,11:39:59 AM,399.99,11:40:31 AM,400.52,,19,STASIUN JAKABARING,1:19:34 PM,1:19:44 PM,37.8,45.4,4.9,1.03,1:19:26 PM,499.43,1:19:10 PM,499.16,1:30:25 PM,510.41,,19,STASIUN JAKABARING,2:53:17 PM,2:53:27 PM,36.0,44.3,6.7,1.03,2:53:02 PM,593.03,2:52:43 PM,592.71,3:00:32 PM,600.54,,19,STASIUN JAKABARING,4:18:50 PM,4:19:00 PM,40.6,44.8,7.7,1.03,4:18:42 PM,678.71,4:18:34 PM,678.56,4:25:13 PM,685.21,,19,STASIUN JAKABARING,5:39:01 PM,5:39:11 PM,41.5,46.1,9.4,1.03,5:38:53 PM,758.89,5:38:44 PM,758.74,5:43:58 PM,763.97
20,GOR JAKABARING,7:06:34 AM,7:06:44 AM,27.30,39.60,24.30,0.25,7:06:12 AM,126.20,7:06:02 AM,126.03,7:06:16 AM,126.27,,20,GOR JAKABARING,8:45:35 AM,8:45:45 AM,41.00,41.00,20.63,0.24,8:44:59 AM,224.98,8:44:59 AM,224.98,8:45:20 AM,225.33,,20,GOR JAKABARING,10:17:14 AM,10:17:24 AM,32.00,38.30,23.90,0.24,10:16:39 AM,316.65,10:16:35 AM,316.58,10:16:48 AM,316.80,,20,GOR JAKABARING,11:41:25 AM,11:41:35 AM,27.77,36.10,21.00,0.27,11:40:48 AM,400.80,11:40:40 AM,400.67,11:40:59 AM,400.99,,20,GOR JAKABARING,1:20:13 PM,1:20:23 PM,29.1,33.1,5.4,0.26,1:20:06 PM,500.10,1:20:02 PM,500.04,1:22:27 PM,502.46,,20,GOR JAKABARING,2:53:59 PM,2:54:09 PM,29.6,39.7,6.4,0.26,2:53:49 PM,593.81,2:53:41 PM,593.68,2:55:43 PM,595.72,,20,GOR JAKABARING,4:19:24 PM,4:19:34 PM,30.2,41.0,9.3,0.26,4:19:21 PM,679.35,4:19:13 PM,679.21,4:20:31 PM,680.51,,20,GOR JAKABARING,5:39:42 PM,5:39:52 PM,26.9,37.1,5.5,0.26,5:39:36 PM,759.60,5:39:26 PM,759.44,5:41:51 PM,761.85
21,BANK SUMSEL BABEL B,7:07:35 AM,7:07:45 AM,39.80,43.60,30.08,0.58,7:07:26 AM,127.44,7:07:22 AM,127.36,7:07:43 AM,127.72,,21,BANK SUMSEL BABEL B,8:46:58 AM,8:47:08 AM,36.82,43.60,24.65,0.59,8:46:33 AM,226.54,8:46:24 AM,226.40,8:47:01 AM,227.02,,21,BANK SUMSEL BABEL B,10:18:24 AM,10:18:34 AM,34.59,40.80,23.80,0.64,10:18:21 AM,318.34,10:18:10 AM,318.17,10:18:51 AM,318.85,,21,BANK SUMSEL BABEL B,11:42:45 AM,11:42:55 AM,36.00,43.20,25.10,0.62,11:42:27 AM,402.45,11:42:17 AM,402.28,11:42:54 AM,402.90,,21,BANK SUMSEL BABEL B,1:21:37 PM,1:21:47 PM,31.6,40.0,4.9,0.64,1:21:26 PM,501.43,1:21:11 PM,501.18,1:28:03 PM,508.05,,21,BANK SUMSEL BABEL B,2:56:39 PM,2:56:49 PM,30.6,41.2,5.1,0.64,2:55:14 PM,595.24,2:54:55 PM,594.92,3:01:31 PM,601.51,,21,BANK SUMSEL BABEL B,4:20:53 PM,4:21:03 PM,31.0,39.8,2.4,0.64,4:20:38 PM,680.64,4:20:22 PM,680.36,4:35:24 PM,695.40,,21,BANK SUMSEL BABEL B,5:41:05 PM,5:41:15 PM,32.0,40.0,2.8,0.64,5:40:54 PM,760.90,5:40:40 PM,760.66,5:53:25 PM,773.41
22,PLN B,7:08:24 AM,7:08:34 AM,37.28,43.20,20.80,0.74,7:08:46 AM,128.77,7:08:37 AM,128.61,7:09:43 AM,129.72,,22,PLN B,8:48:07 AM,8:48:17 AM,40.14,50.40,38.61,0.75,8:48:05 AM,228.09,8:47:52 AM,227.86,8:48:08 AM,228.13,,22,PLN B,10:19:30 AM,10:19:40 AM,38.71,45.20,35.10,0.77,10:19:36 AM,319.59,10:19:25 AM,319.42,10:19:43 AM,319.72,,22,PLN B,11:44:25 AM,11:44:35 AM,38.39,43.90,27.19,0.77,11:43:57 AM,403.95,11:43:48 AM,403.80,11:44:27 AM,404.45,,22,PLN B,1:22:52 PM,1:23:02 PM,39.7,45.7,1.0,0.74,1:22:44 PM,502.74,1:22:35 PM,502.59,2:06:01 PM,546.02,,22,PLN B,2:58:04 PM,2:58:14 PM,36.1,43.1,7.8,0.74,2:57:53 PM,597.88,2:57:41 PM,597.68,3:02:21 PM,602.34,,22,PLN B,4:22:04 PM,4:22:14 PM,39.9,46.8,7.1,0.74,4:22:00 PM,682.00,4:21:50 PM,681.83,4:27:08 PM,687.14,,22,PLN B,5:42:23 PM,5:42:33 PM,35.5,42.1,9.3,0.74,5:42:20 PM,762.33,5:42:08 PM,762.14,5:45:51 PM,765.86
23,SIMPANG RS BARI,7:10:34 AM,7:10:44 AM,34.23,45.00,10.61,0.89,7:09:58 AM,129.96,7:09:35 AM,129.59,7:13:26 AM,133.43,,23,SIMPANG RS BARI,8:49:23 AM,8:49:33 AM,35.72,43.90,20.44,0.81,8:49:29 AM,229.48,8:49:13 AM,229.22,8:50:30 AM,230.49,,23,SIMPANG RS BARI,10:21:08 AM,10:21:18 AM,35.83,44.90,33.45,0.89,10:20:59 AM,320.99,10:20:41 AM,320.69,10:21:06 AM,321.10,,23,SIMPANG RS BARI,11:46:13 AM,11:46:23 AM,32.91,42.18,25.19,0.89,11:46:02 AM,406.04,11:45:41 AM,405.68,11:46:32 AM,406.54,,23,SIMPANG RS BARI,1:24:36 PM,1:24:46 PM,33.7,43.2,10.4,0.9,1:24:28 PM,504.47,1:24:07 PM,504.12,1:28:04 PM,508.06,,23,SIMPANG RS BARI,2:59:46 PM,2:59:56 PM,33.7,38.8,5.7,0.9,2:59:40 PM,599.67,2:59:28 PM,599.46,3:07:32 PM,607.54,,23,SIMPANG RS BARI,4:23:48 PM,4:23:58 PM,34.5,41.5,3.1,0.9,4:23:38 PM,683.63,4:23:22 PM,683.37,4:39:29 PM,699.49,,23,SIMPANG RS BARI,5:44:17 PM,5:44:27 PM,32.0,43.9,8.3,0.9,5:44:04 PM,764.07,5:43:37 PM,763.61,5:48:53 PM,768.89
24,PENGADILAN AGAMA,7:12:19 AM,7:12:29 AM,36.31,42.80,30.45,0.79,7:11:52 AM,131.87,7:11:40 AM,131.67,7:12:07 AM,132.12,,24,PENGADILAN AGAMA,9:01:25 AM,9:01:35 AM,33.48,44.30,10.36,0.78,8:50:47 AM,230.78,8:50:26 AM,230.44,8:53:54 AM,233.90,,24,PENGADILAN AGAMA,10:23:16 AM,10:23:26 AM,34.04,46.90,20.12,0.74,10:22:26 AM,322.44,10:22:05 AM,322.08,10:23:20 AM,323.34,,24,PENGADILAN AGAMA,11:47:31 AM,11:47:41 AM,36.92,44.70,24.19,0.78,11:47:29 AM,407.48,11:47:16 AM,407.26,11:48:09 AM,408.15,,24,PENGADILAN AGAMA,1:26:00 PM,1:26:10 PM,36.7,42.1,8.3,0.77,1:25:52 PM,505.86,1:25:42 PM,505.70,1:30:10 PM,510.17,,24,PENGADILAN AGAMA,3:01:18 PM,3:01:28 PM,33.6,37.4,10.3,0.77,3:01:09 PM,601.14,3:01:00 PM,601.00,3:04:15 PM,604.25,,24,PENGADILAN AGAMA,4:25:19 PM,4:25:29 PM,32.7,43.2,3.2,0.77,4:25:13 PM,685.21,4:24:52 PM,684.87,4:38:14 PM,698.24,,24,PENGADILAN AGAMA,5:45:39 PM,5:45:49 PM,37.7,43.9,5.8,0.77,5:45:31 PM,765.51,5:45:20 PM,765.34,5:52:15 PM,772.25
,TERMINAL JAKABARING,7:16:58 AM,,12.38,34.20,5.31,0.80,7:16:12 AM,136.19,7:13:43 AM,133.72,7:21:21 AM,141.36,,,TERMINAL JAKABARING,6:54:13 AM,,20.51,32.40,14.61,0.75,9:03:37 AM,243.61,9:02:48 AM,242.81,9:04:30 AM,244.50,,,TERMINAL JAKABARING,10:25:58 AM,,21.30,34.80,14.80,0.79,10:25:30 AM,325.49,10:24:38 AM,324.63,10:26:28 AM,326.47,,,TERMINAL JAKABARING,11:50:23 AM,,19.64,31.90,12.70,0.79,11:49:56 AM,409.93,11:49:00 AM,409.00,11:51:15 AM,411.25,,,TERMINAL JAKABARING,1:28:04 PM,1:28:14 PM,23.3,41.0,6.5,0.79,1:28:02 PM,508.03,1:27:09 PM,507.16,1:33:18 PM,513.29,,,TERMINAL JAKABARING,3:03:58 PM,3:04:08 PM,19.3,31.0,13.5,0.79,3:03:45 PM,603.76,3:02:50 PM,602.83,3:04:49 PM,604.81,,,TERMINAL JAKABARING,4:27:46 PM,4:27:56 PM,20.5,38.2,9.7,0.79,4:27:38 PM,687.63,4:26:33 PM,686.56,4:30:12 PM,690.20,,,TERMINAL JAKABARING,5:47:34 PM,5:47:44 PM,25.6,40.0,3.9,0.79,5:47:30 PM,767.50,5:46:50 PM,766.84,5:57:48 PM,777.80
,,,,,,,,,,,,,,,,,,,,,,,,,,,,,,,,,,,,,,,,,,,,,,,,,,,,,,,,,,,,,,,,,,,,,,,,,,,,,,,,,,,,,,,,,,,,,,,,,,,,,,,,,,,,,,,,,,,,,,
,,,0.21,5:00:00 AM,,,,,,,,,,,,,,,,,,,,,,,,,,,,,,,,,,,,,,,,,,,,,,,,,,,,,,,,,,,,,,,,,,,,,,,,,,,,,,,,,,,,,,,,,,,,,,,,,,,,,,,,,,,,,,,,,,
,,,0.21,5:01:00 AM,,,,,,,,,,,,,,,,,,,,,,,,,,,,,,,,,,,,,,,,,,,,,,,,,,,,,,,,,,,,,,,,,,,,,,,,,,,,,,,,,,,,,,,,,,,,,,,,,,,,,,,,,,,,,,,,,,
,,,0.00,5:02:00 AM,,,,,,,,,,,,,,,,,,,,,,,,,,,,,,,,,,,,,,,,,,,,,,,,,,,,,,,,,,,,,,,,,,,,,,,,,,,,,,,,,,,,,,,,,,,,,,,,,,,,,,,,,,,,,,,,,,